eps,acc
0.0,0.4761273209549072
0.1,0.4562334217506631
0.2,0.43050397877984087
0.3,0.39549071618037135
0.4,0.3557029177718833
0.5,0.32519893899204244
